"{""_id"": {""$oid"": ""5e871569e4b0a5f1c7053afa""}, ""modifiedTime"": {""$date"": 1585911191741}, ""creationTime"": {""$date"": 1585911145199}, ""cartId"": ""c20bc360-2ab0-4eda-85fa-c494d57c0313"", ""priority"": ""P001"", ""storeId"": null, ""version"": {""$numberLong"": ""3""}, ""lpId"": ""DL"", ""timeStamp"": {""$numberLong"": ""1585912211729""}, ""transactionType"": null, ""itemId"": ""Luxfs"", ""parentUssId"": null, ""sellerID"": ""124084"", ""codEliglible"": ""Y"", ""deliveryMode"": ""HD"", ""ussID"": ""124084Luxfs"", ""locationId"": ""124084-KOLS1"", ""pinCode"": ""110001"", ""quantityValue"": 1, ""fulFillmentType"": ""TSHIP"", ""transportMode"": ""AIR"", ""isAFreeBie"": ""N"", ""typeCode"": ""InvReservationData""}"
"{""_id"": {""$oid"": ""5e8732bce4b0a5f1c7053b15""}, ""modifiedTime"": {""$date"": 1585918871376}, ""creationTime"": {""$date"": 1585918652699}, ""cartId"": ""3990b0db-56d1-4663-bb60-76798856c050"", ""priority"": ""P001"", ""storeId"": null, ""version"": {""$numberLong"": ""4""}, ""lpId"": ""DL"", ""timeStamp"": {""$numberLong"": ""1585919891364""}, ""transactionType"": null, ""itemId"": ""4502250"", ""parentUssId"": null, ""sellerID"": ""100065"", ""codEliglible"": ""N"", ""deliveryMode"": ""HD"", ""ussID"": ""1000654502250"", ""locationId"": ""100065-110"", ""pinCode"": ""700072"", ""quantityValue"": 1, ""fulFillmentType"": ""TSHIP"", ""transportMode"": ""AIR"", ""isAFreeBie"": ""N"", ""typeCode"": ""InvReservationData""}"
"{""_id"": {""$oid"": ""5e8732c1e4b0a5f1c7053b17""}, ""modifiedTime"": {""$date"": 1585918657089}, ""creationTime"": {""$date"": 1585918657089}, ""cartId"": ""714dc692-46c8-4491-bd47-78977320a500"", ""priority"": ""P001"", ""storeId"": null, ""version"": {""$numberLong"": ""1""}, ""lpId"": ""DL"", ""timeStamp"": {""$numberLong"": ""1585919557085""}, ""transactionType"": null, ""itemId"": ""Luxfs"", ""parentUssId"": null, ""sellerID"": ""124084"", ""codEliglible"": ""Y"", ""deliveryMode"": ""HD"", ""ussID"": ""124084Luxfs"", ""locationId"": ""124084-KOLS1"", ""pinCode"": ""110001"", ""quantityValue"": 1, ""fulFillmentType"": ""TSHIP"", ""transportMode"": ""AIR"", ""isAFreeBie"": ""N"", ""typeCode"": ""InvReservationData""}"
"{""_id"": {""$oid"": ""5e8732c1e4b0a5f1c7053b18""}, ""modifiedTime"": {""$date"": 1585918657090}, ""creationTime"": {""$date"": 1585918657090}, ""cartId"": ""714dc692-46c8-4491-bd47-78977320a500"", ""priority"": ""P001"", ""storeId"": null, ""version"": {""$numberLong"": ""1""}, ""lpId"": ""DL"", ""timeStamp"": {""$numberLong"": ""1585919557085""}, ""transactionType"": null, ""itemId"": ""Luxfs"", ""parentUssId"": null, ""sellerID"": ""124084"", ""codEliglible"": ""Y"", ""deliveryMode"": ""HD"", ""ussID"": ""124084Luxfs"", ""locationId"": ""124084-KOLS1"", ""pinCode"": ""110001"", ""quantityValue"": 1, ""fulFillmentType"": ""TSHIP"", ""transportMode"": ""AIR"", ""isAFreeBie"": ""N"", ""typeCode"": ""InvReservationData""}"
"{""_id"": {""$oid"": ""5e8732c1e4b0a5f1c7053b19""}, ""modifiedTime"": {""$date"": 1585918657091}, ""creationTime"": {""$date"": 1585918657091}, ""cartId"": ""714dc692-46c8-4491-bd47-78977320a500"", ""priority"": ""P001"", ""storeId"": null, ""version"": {""$numberLong"": ""1""}, ""lpId"": ""DL"", ""timeStamp"": {""$numberLong"": ""1585919557085""}, ""transactionType"": null, ""itemId"": ""Luxfs"", ""parentUssId"": null, ""sellerID"": ""124084"", ""codEliglible"": ""Y"", ""deliveryMode"": ""HD"", ""ussID"": ""124084Luxfs"", ""locationId"": ""124084-KOLS1"", ""pinCode"": ""110001"", ""quantityValue"": 1, ""fulFillmentType"": ""TSHIP"", ""transportMode"": ""AIR"", ""isAFreeBie"": ""N"", ""typeCode"": ""InvReservationData""}"
"{""_id"": {""$oid"": ""5e8732c1e4b0a5f1c7053b1a""}, ""modifiedTime"": {""$date"": 1585918657093}, ""creationTime"": {""$date"": 1585918657093}, ""cartId"": ""714dc692-46c8-4491-bd47-78977320a500"", ""priority"": ""P001"", ""storeId"": null, ""version"": {""$numberLong"": ""1""}, ""lpId"": ""DL"", ""timeStamp"": {""$numberLong"": ""1585919557085""}, ""transactionType"": null, ""itemId"": ""Luxfs"", ""parentUssId"": null, ""sellerID"": ""124084"", ""codEliglible"": ""Y"", ""deliveryMode"": ""HD"", ""ussID"": ""124084Luxfs"", ""locationId"": ""124084-KOLS1"", ""pinCode"": ""110001"", ""quantityValue"": 1, ""fulFillmentType"": ""TSHIP"", ""transportMode"": ""AIR"", ""isAFreeBie"": ""N"", ""typeCode"": ""InvReservationData""}"
"{""_id"": {""$oid"": ""5e8732c1e4b0a5f1c7053b1b""}, ""modifiedTime"": {""$date"": 1585918657095}, ""creationTime"": {""$date"": 1585918657095}, ""cartId"": ""714dc692-46c8-4491-bd47-78977320a500"", ""priority"": ""P001"", ""storeId"": null, ""version"": {""$numberLong"": ""1""}, ""lpId"": ""DL"", ""timeStamp"": {""$numberLong"": ""1585919557085""}, ""transactionType"": null, ""itemId"": ""Luxfs"", ""parentUssId"": null, ""sellerID"": ""124084"", ""codEliglible"": ""Y"", ""deliveryMode"": ""HD"", ""ussID"": ""124084Luxfs"", ""locationId"": ""124084-KOLS1"", ""pinCode"": ""110001"", ""quantityValue"": 1, ""fulFillmentType"": ""TSHIP"", ""transportMode"": ""AIR"", ""isAFreeBie"": ""N"", ""typeCode"": ""InvReservationData""}"
"{""_id"": {""$oid"": ""5e8c380ae4b05580cd7ec455""}, ""modifiedTime"": {""$date"": 1586247690692}, ""creationTime"": {""$date"": 1586247690692}, ""cartId"": ""62e3d068-94d3-44de-9c07-8e5192313753"", ""priority"": ""P001"", ""storeId"": null, ""version"": {""$numberLong"": ""1""}, ""lpId"": ""DL"", ""timeStamp"": {""$numberLong"": ""1586248590682""}, ""transactionType"": null, ""itemId"": ""Luxfs"", ""parentUssId"": null, ""sellerID"": ""124084"", ""codEliglible"": ""Y"", ""deliveryMode"": ""HD"", ""ussID"": ""124084Luxfs"", ""locationId"": ""124084-KOLS1"", ""pinCode"": ""110001"", ""quantityValue"": 1, ""fulFillmentType"": ""TSHIP"", ""transportMode"": ""AIR"", ""isAFreeBie"": ""N"", ""typeCode"": ""InvReservationData""}"
"{""_id"": {""$oid"": ""5e8c57d6e4b074e046fafe93""}, ""modifiedTime"": {""$date"": 1586255830705}, ""creationTime"": {""$date"": 1586255830705}, ""cartId"": ""76f709e1-9d8c-4a18-8d08-9f87ade35b5c"", ""priority"": ""P001"", ""storeId"": null, ""version"": {""$numberLong"": ""1""}, ""lpId"": ""DL"", ""timeStamp"": {""$numberLong"": ""1586256730662""}, ""transactionType"": null, ""itemId"": ""4502250"", ""parentUssId"": null, ""sellerID"": ""100065"", ""codEliglible"": ""N"", ""deliveryMode"": ""HD"", ""ussID"": ""1000654502250"", ""locationId"": ""100065-110"", ""pinCode"": ""700072"", ""quantityValue"": 1, ""fulFillmentType"": ""TSHIP"", ""transportMode"": ""SUR"", ""isAFreeBie"": ""N"", ""typeCode"": ""InvReservationData""}"
"{""_id"": {""$oid"": ""5e8c668ae4b074e046fafedb""}, ""modifiedTime"": {""$date"": 1586259594941}, ""creationTime"": {""$date"": 1586259594941}, ""cartId"": ""d3b1872a-da1f-4d23-9db6-79bc8512cb1d"", ""priority"": ""P001"", ""storeId"": null, ""version"": {""$numberLong"": ""1""}, ""lpId"": ""DL"", ""timeStamp"": {""$numberLong"": ""1586260494930""}, ""transactionType"": null, ""itemId"": ""2418YM06"", ""parentUssId"": null, ""sellerID"": ""123762"", ""codEliglible"": ""Y"", ""deliveryMode"": ""HD"", ""ussID"": ""1237622418YM06"", ""locationId"": ""123762-FPMW"", ""pinCode"": ""400083"", ""quantityValue"": 1, ""fulFillmentType"": ""TSHIP"", ""transportMode"": ""AIR"", ""isAFreeBie"": ""N"", ""typeCode"": ""InvReservationData""}"
"{""_id"": {""$oid"": ""5e8c67f3e4b074e046fafee3""}, ""modifiedTime"": {""$date"": 1586260535699}, ""creationTime"": {""$date"": 1586259955123}, ""cartId"": ""53e1520e-bf38-42f1-b2de-f687d0bf7b04"", ""priority"": ""P001"", ""storeId"": null, ""version"": {""$numberLong"": ""5""}, ""lpId"": ""DL"", ""timeStamp"": {""$numberLong"": ""1586261555696""}, ""transactionType"": null, ""itemId"": ""9975YM02E"", ""parentUssId"": null, ""sellerID"": ""123762"", ""codEliglible"": ""Y"", ""deliveryMode"": ""HD"", ""ussID"": ""1237629975YM02E"", ""locationId"": ""123762-FPMW"", ""pinCode"": ""400083"", ""quantityValue"": 1, ""fulFillmentType"": ""TSHIP"", ""transportMode"": ""AIR"", ""isAFreeBie"": ""N"", ""typeCode"": ""InvReservationData""}"
"{""_id"": {""$oid"": ""5e8f32afe4b0b62cbf27a1e8""}, ""modifiedTime"": {""$date"": 1586443266132}, ""creationTime"": {""$date"": 1586442927860}, ""cartId"": ""cacec31e-399e-48e0-be39-b370c038dfb1"", ""priority"": ""P001"", ""storeId"": null, ""version"": {""$numberLong"": ""7""}, ""lpId"": ""DL"", ""timeStamp"": {""$numberLong"": ""1586444286130""}, ""transactionType"": null, ""itemId"": ""1489KL04"", ""parentUssId"": null, ""sellerID"": ""123762"", ""codEliglible"": ""Y"", ""deliveryMode"": ""HD"", ""ussID"": ""1237621489KL04"", ""locationId"": ""123762-FPMW"", ""pinCode"": ""700072"", ""quantityValue"": 1, ""fulFillmentType"": ""TSHIP"", ""transportMode"": ""AIR"", ""isAFreeBie"": ""N"", ""typeCode"": ""InvReservationData""}"
"{""_id"": {""$oid"": ""5e903c90e4b00de209b22fd0""}, ""modifiedTime"": {""$date"": 1586510998688}, ""creationTime"": {""$date"": 1586510992529}, ""cartId"": ""a8533983-ac84-499d-98db-d8d52fb2d5e4"", ""priority"": ""P001"", ""storeId"": null, ""version"": {""$numberLong"": ""3""}, ""lpId"": ""DL"", ""timeStamp"": {""$numberLong"": ""1586512018682""}, ""transactionType"": null, ""itemId"": ""4502250"", ""parentUssId"": null, ""sellerID"": ""100065"", ""codEliglible"": ""Y"", ""deliveryMode"": ""HD"", ""ussID"": ""1000654502250"", ""locationId"": ""100065-TESTSLAVE"", ""pinCode"": ""110001"", ""quantityValue"": 1, ""fulFillmentType"": ""TSHIP"", ""transportMode"": ""SUR"", ""isAFreeBie"": ""N"", ""typeCode"": ""InvReservationData""}"
"{""_id"": {""$oid"": ""5e903c90e4b00de209b22fd1""}, ""modifiedTime"": {""$date"": 1586510998688}, ""creationTime"": {""$date"": 1586510992531}, ""cartId"": ""a8533983-ac84-499d-98db-d8d52fb2d5e4"", ""priority"": ""P001"", ""storeId"": null, ""version"": {""$numberLong"": ""3""}, ""lpId"": ""DL"", ""timeStamp"": {""$numberLong"": ""1586512018682""}, ""transactionType"": null, ""itemId"": ""4502250"", ""parentUssId"": null, ""sellerID"": ""100065"", ""codEliglible"": ""Y"", ""deliveryMode"": ""HD"", ""ussID"": ""1000654502250"", ""locationId"": ""100065-TESTSLAVE"", ""pinCode"": ""110001"", ""quantityValue"": 1, ""fulFillmentType"": ""TSHIP"", ""transportMode"": ""SUR"", ""isAFreeBie"": ""N"", ""typeCode"": ""InvReservationData""}"
"{""_id"": {""$oid"": ""5e903cbae4b00de209b22fd3""}, ""modifiedTime"": {""$date"": 1586511034859}, ""creationTime"": {""$date"": 1586511034859}, ""cartId"": ""cb6eef28-6c6a-4905-979f-cbf6c91b7bcc"", ""priority"": ""P001"", ""storeId"": null, ""version"": {""$numberLong"": ""1""}, ""lpId"": ""DL"", ""timeStamp"": {""$numberLong"": ""1586511934851""}, ""transactionType"": null, ""itemId"": ""4502250"", ""parentUssId"": null, ""sellerID"": ""100065"", ""codEliglible"": ""Y"", ""deliveryMode"": ""HD"", ""ussID"": ""1000654502250"", ""locationId"": ""100065-TESTSLAVE"", ""pinCode"": ""110001"", ""quantityValue"": 1, ""fulFillmentType"": ""TSHIP"", ""transportMode"": ""SUR"", ""isAFreeBie"": ""N"", ""typeCode"": ""InvReservationData""}"
"{""_id"": {""$oid"": ""5e9590fee4b0f24635fca9ae""}, ""modifiedTime"": {""$date"": 1586860294905}, ""creationTime"": {""$date"": 1586860286802}, ""cartId"": ""87171e52-e7b6-421c-b89e-e99be1414940"", ""priority"": ""P001"", ""storeId"": null, ""version"": {""$numberLong"": ""3""}, ""lpId"": ""DL"", ""timeStamp"": {""$numberLong"": ""1586861314900""}, ""transactionType"": null, ""itemId"": ""4502250"", ""parentUssId"": null, ""sellerID"": ""100065"", ""codEliglible"": ""Y"", ""deliveryMode"": ""HD"", ""ussID"": ""1000654502250"", ""locationId"": ""100065-TESTSLAVE"", ""pinCode"": ""110001"", ""quantityValue"": 1, ""fulFillmentType"": ""TSHIP"", ""transportMode"": ""SUR"", ""isAFreeBie"": ""N"", ""typeCode"": ""InvReservationData""}"
"{""_id"": {""$oid"": ""5e9590fee4b0f24635fca9af""}, ""modifiedTime"": {""$date"": 1586860294905}, ""creationTime"": {""$date"": 1586860286804}, ""cartId"": ""87171e52-e7b6-421c-b89e-e99be1414940"", ""priority"": ""P001"", ""storeId"": null, ""version"": {""$numberLong"": ""3""}, ""lpId"": ""DL"", ""timeStamp"": {""$numberLong"": ""1586861314900""}, ""transactionType"": null, ""itemId"": ""4502250"", ""parentUssId"": null, ""sellerID"": ""100065"", ""codEliglible"": ""Y"", ""deliveryMode"": ""HD"", ""ussID"": ""1000654502250"", ""locationId"": ""100065-TESTSLAVE"", ""pinCode"": ""110001"", ""quantityValue"": 1, ""fulFillmentType"": ""TSHIP"", ""transportMode"": ""SUR"", ""isAFreeBie"": ""N"", ""typeCode"": ""InvReservationData""}"
"{""_id"": {""$oid"": ""5e984ac0e4b07166991215cb""}, ""modifiedTime"": {""$date"": 1587038976126}, ""creationTime"": {""$date"": 1587038912618}, ""cartId"": ""a3e0f3e2-3e7b-4f4e-9cc1-eaac69ba2122"", ""priority"": ""P001"", ""storeId"": null, ""version"": {""$numberLong"": ""5""}, ""lpId"": ""DL"", ""timeStamp"": {""$numberLong"": ""1587039996121""}, ""transactionType"": null, ""itemId"": ""2579QM01"", ""parentUssId"": null, ""sellerID"": ""123762"", ""codEliglible"": ""Y"", ""deliveryMode"": ""HD"", ""ussID"": ""1237622579QM01"", ""locationId"": ""123762-FPMW"", ""pinCode"": ""700072"", ""quantityValue"": 1, ""fulFillmentType"": ""TSHIP"", ""transportMode"": ""AIR"", ""isAFreeBie"": ""N"", ""typeCode"": ""InvReservationData""}"
"{""_id"": {""$oid"": ""5e984bd1e4b07166991215d0""}, ""modifiedTime"": {""$date"": 1587039204913}, ""creationTime"": {""$date"": 1587039185949}, ""cartId"": ""2c62e13c-f57b-41d8-8548-faa201d9614a"", ""priority"": ""P001"", ""storeId"": null, ""version"": {""$numberLong"": ""3""}, ""lpId"": ""DL"", ""timeStamp"": {""$numberLong"": ""1587040224910""}, ""transactionType"": null, ""itemId"": ""2579QM01"", ""parentUssId"": null, ""sellerID"": ""123762"", ""codEliglible"": ""Y"", ""deliveryMode"": ""HD"", ""ussID"": ""1237622579QM01"", ""locationId"": ""123762-FPMW"", ""pinCode"": ""700072"", ""quantityValue"": 1, ""fulFillmentType"": ""TSHIP"", ""transportMode"": ""AIR"", ""isAFreeBie"": ""N"", ""typeCode"": ""InvReservationData""}"
"{""_id"": {""$oid"": ""5e984cece4b07166991215d5""}, ""modifiedTime"": {""$date"": 1587039479499}, ""creationTime"": {""$date"": 1587039468283}, ""cartId"": ""f90a0dda-17c8-46c2-a9ec-abd0505aa412"", ""priority"": ""P001"", ""storeId"": null, ""version"": {""$numberLong"": ""3""}, ""lpId"": ""DL"", ""timeStamp"": {""$numberLong"": ""1587040499496""}, ""transactionType"": null, ""itemId"": ""2579QM01"", ""parentUssId"": null, ""sellerID"": ""123762"", ""codEliglible"": ""Y"", ""deliveryMode"": ""HD"", ""ussID"": ""1237622579QM01"", ""locationId"": ""123762-FPMW"", ""pinCode"": ""700072"", ""quantityValue"": 1, ""fulFillmentType"": ""TSHIP"", ""transportMode"": ""AIR"", ""isAFreeBie"": ""N"", ""typeCode"": ""InvReservationData""}"
"{""_id"": {""$oid"": ""5e986266e4b0716699121617""}, ""modifiedTime"": {""$date"": 1587045071352}, ""creationTime"": {""$date"": 1587044966692}, ""cartId"": ""eb6c28ff-01c4-4633-b863-ca2964a0794d"", ""priority"": ""P001"", ""storeId"": null, ""version"": {""$numberLong"": ""9""}, ""lpId"": ""DL"", ""timeStamp"": {""$numberLong"": ""1587046091350""}, ""transactionType"": null, ""itemId"": ""4502250"", ""parentUssId"": null, ""sellerID"": ""100065"", ""codEliglible"": ""Y"", ""deliveryMode"": ""HD"", ""ussID"": ""1000654502250"", ""locationId"": ""100065-110"", ""pinCode"": ""700072"", ""quantityValue"": 1, ""fulFillmentType"": ""TSHIP"", ""transportMode"": ""SUR"", ""isAFreeBie"": ""N"", ""typeCode"": ""InvReservationData""}"
"{""_id"": {""$oid"": ""5e9952a5e4b0c3acf0de1529""}, ""modifiedTime"": {""$date"": 1587106517909}, ""creationTime"": {""$date"": 1587106469150}, ""cartId"": ""9f0fcd93-b553-4c94-8426-4fc7d35c6591"", ""priority"": ""P001"", ""storeId"": null, ""version"": {""$numberLong"": ""5""}, ""lpId"": ""DL"", ""timeStamp"": {""$numberLong"": ""1587107537905""}, ""transactionType"": null, ""itemId"": ""4502250"", ""parentUssId"": null, ""sellerID"": ""100065"", ""codEliglible"": ""Y"", ""deliveryMode"": ""HD"", ""ussID"": ""1000654502250"", ""locationId"": ""100065-110"", ""pinCode"": ""700072"", ""quantityValue"": 1, ""fulFillmentType"": ""TSHIP"", ""transportMode"": ""SUR"", ""isAFreeBie"": ""N"", ""typeCode"": ""InvReservationData""}"
"{""_id"": {""$oid"": ""5e9959efe4b0c3acf0de1541""}, ""modifiedTime"": {""$date"": 1587108973380}, ""creationTime"": {""$date"": 1587108335366}, ""cartId"": ""444cbcce-624d-4b66-9d4e-61590133a863"", ""priority"": ""P001"", ""storeId"": null, ""version"": {""$numberLong"": ""15""}, ""lpId"": ""DL"", ""timeStamp"": {""$numberLong"": ""1587109993376""}, ""transactionType"": null, ""itemId"": ""4502250"", ""parentUssId"": null, ""sellerID"": ""100065"", ""codEliglible"": ""Y"", ""deliveryMode"": ""HD"", ""ussID"": ""1000654502250"", ""locationId"": ""100065-110"", ""pinCode"": ""700072"", ""quantityValue"": 1, ""fulFillmentType"": ""TSHIP"", ""transportMode"": ""SUR"", ""isAFreeBie"": ""N"", ""typeCode"": ""InvReservationData""}"
"{""_id"": {""$oid"": ""5e9c8620e4b081e2503947c1""}, ""modifiedTime"": {""$date"": 1587316301274}, ""creationTime"": {""$date"": 1587316256696}, ""cartId"": ""e092c007-145b-4177-89a9-0fac3c37b867"", ""priority"": ""P001"", ""storeId"": null, ""version"": {""$numberLong"": ""3""}, ""lpId"": ""DL"", ""timeStamp"": {""$numberLong"": ""1587317321272""}, ""transactionType"": null, ""itemId"": ""2579QM01"", ""parentUssId"": null, ""sellerID"": ""123762"", ""codEliglible"": ""Y"", ""deliveryMode"": ""HD"", ""ussID"": ""1237622579QM01"", ""locationId"": ""123762-FPMW"", ""pinCode"": ""700072"", ""quantityValue"": 1, ""fulFillmentType"": ""TSHIP"", ""transportMode"": ""AIR"", ""isAFreeBie"": ""N"", ""typeCode"": ""InvReservationData""}"
"{""_id"": {""$oid"": ""5e9c87d3e4b081e2503947c9""}, ""modifiedTime"": {""$date"": 1587316777669}, ""creationTime"": {""$date"": 1587316691499}, ""cartId"": ""e6a8de87-ff2d-4c54-8f26-b96af54cfd1e"", ""priority"": ""P001"", ""storeId"": null, ""version"": {""$numberLong"": ""3""}, ""lpId"": ""DL"", ""timeStamp"": {""$numberLong"": ""1587317797666""}, ""transactionType"": null, ""itemId"": ""2579QM01"", ""parentUssId"": null, ""sellerID"": ""123762"", ""codEliglible"": ""Y"", ""deliveryMode"": ""HD"", ""ussID"": ""1237622579QM01"", ""locationId"": ""123762-FPMW"", ""pinCode"": ""700072"", ""quantityValue"": 1, ""fulFillmentType"": ""TSHIP"", ""transportMode"": ""AIR"", ""isAFreeBie"": ""N"", ""typeCode"": ""InvReservationData""}"
"{""_id"": {""$oid"": ""5e9d5a5ce4b02844cca7ac4d""}, ""modifiedTime"": {""$date"": 1587370600591}, ""creationTime"": {""$date"": 1587370588790}, ""cartId"": ""abef13b3-2773-4f25-bcfc-2ebde3185b69"", ""priority"": ""P001"", ""storeId"": null, ""version"": {""$numberLong"": ""3""}, ""lpId"": ""DL"", ""timeStamp"": {""$numberLong"": ""1587371620589""}, ""transactionType"": null, ""itemId"": ""2579QM01"", ""parentUssId"": null, ""sellerID"": ""123762"", ""codEliglible"": ""Y"", ""deliveryMode"": ""HD"", ""ussID"": ""1237622579QM01"", ""locationId"": ""123762-FPMW"", ""pinCode"": ""700072"", ""quantityValue"": 1, ""fulFillmentType"": ""TSHIP"", ""transportMode"": ""AIR"", ""isAFreeBie"": ""N"", ""typeCode"": ""InvReservationData""}"
"{""_id"": {""$oid"": ""5e9d5b52e4b02844cca7ac56""}, ""modifiedTime"": {""$date"": 1587370845027}, ""creationTime"": {""$date"": 1587370834056}, ""cartId"": ""c6631898-b7f7-4027-8f32-b42ce4613613"", ""priority"": ""P001"", ""storeId"": null, ""version"": {""$numberLong"": ""3""}, ""lpId"": ""DL"", ""timeStamp"": {""$numberLong"": ""1587371865024""}, ""transactionType"": null, ""itemId"": ""2579QM01"", ""parentUssId"": null, ""sellerID"": ""123762"", ""codEliglible"": ""Y"", ""deliveryMode"": ""HD"", ""ussID"": ""1237622579QM01"", ""locationId"": ""123762-FPMW"", ""pinCode"": ""700072"", ""quantityValue"": 1, ""fulFillmentType"": ""TSHIP"", ""transportMode"": ""AIR"", ""isAFreeBie"": ""N"", ""typeCode"": ""InvReservationData""}"
"{""_id"": {""$oid"": ""5e9d5b7ee4b02844cca7ac58""}, ""modifiedTime"": {""$date"": 1587370975562}, ""creationTime"": {""$date"": 1587370878917}, ""cartId"": ""3155edd6-8e28-4339-b8c4-120c9a5bf09c"", ""priority"": ""P001"", ""storeId"": null, ""version"": {""$numberLong"": ""2""}, ""lpId"": ""DL"", ""timeStamp"": {""$numberLong"": ""1587371875559""}, ""transactionType"": null, ""itemId"": ""2579QM01"", ""parentUssId"": null, ""sellerID"": ""123762"", ""codEliglible"": ""Y"", ""deliveryMode"": ""HD"", ""ussID"": ""1237622579QM01"", ""locationId"": ""123762-FPMW"", ""pinCode"": ""700072"", ""quantityValue"": 1, ""fulFillmentType"": ""TSHIP"", ""transportMode"": ""AIR"", ""isAFreeBie"": ""N"", ""typeCode"": ""InvReservationData""}"
"{""_id"": {""$oid"": ""5e9d5e6ee4b02844cca7ac6e""}, ""modifiedTime"": {""$date"": 1587371687078}, ""creationTime"": {""$date"": 1587371630506}, ""cartId"": ""63441c31-b364-4d96-a764-d955c95ca525"", ""priority"": ""P001"", ""storeId"": null, ""version"": {""$numberLong"": ""3""}, ""lpId"": ""DL"", ""timeStamp"": {""$numberLong"": ""1587372707075""}, ""transactionType"": null, ""itemId"": ""2579QM01"", ""parentUssId"": null, ""sellerID"": ""123762"", ""codEliglible"": ""Y"", ""deliveryMode"": ""HD"", ""ussID"": ""1237622579QM01"", ""locationId"": ""123762-FPMW"", ""pinCode"": ""700072"", ""quantityValue"": 1, ""fulFillmentType"": ""TSHIP"", ""transportMode"": ""AIR"", ""isAFreeBie"": ""N"", ""typeCode"": ""InvReservationData""}"
"{""_id"": {""$oid"": ""5e9d5ed4e4b02844cca7ac73""}, ""modifiedTime"": {""$date"": 1587371761582}, ""creationTime"": {""$date"": 1587371732977}, ""cartId"": ""9dd2e159-d7b6-4085-a191-e3e0e2b3daa4"", ""priority"": ""P001"", ""storeId"": null, ""version"": {""$numberLong"": ""3""}, ""lpId"": ""DL"", ""timeStamp"": {""$numberLong"": ""1587372781578""}, ""transactionType"": null, ""itemId"": ""2579QM01"", ""parentUssId"": null, ""sellerID"": ""123762"", ""codEliglible"": ""Y"", ""deliveryMode"": ""HD"", ""ussID"": ""1237622579QM01"", ""locationId"": ""123762-FPMW"", ""pinCode"": ""700072"", ""quantityValue"": 1, ""fulFillmentType"": ""TSHIP"", ""transportMode"": ""AIR"", ""isAFreeBie"": ""N"", ""typeCode"": ""InvReservationData""}"
"{""_id"": {""$oid"": ""5e9d5f10e4b02844cca7ac78""}, ""modifiedTime"": {""$date"": 1587371792171}, ""creationTime"": {""$date"": 1587371792171}, ""cartId"": ""7dc7cccd-a9c1-4c85-9645-e680da10e827"", ""priority"": ""P001"", ""storeId"": null, ""version"": {""$numberLong"": ""1""}, ""lpId"": ""DL"", ""timeStamp"": {""$numberLong"": ""1587372692163""}, ""transactionType"": null, ""itemId"": ""2579QM01"", ""parentUssId"": null, ""sellerID"": ""123762"", ""codEliglible"": ""Y"", ""deliveryMode"": ""HD"", ""ussID"": ""1237622579QM01"", ""locationId"": ""123762-FPMW"", ""pinCode"": ""700072"", ""quantityValue"": 1, ""fulFillmentType"": ""TSHIP"", ""transportMode"": ""AIR"", ""isAFreeBie"": ""N"", ""typeCode"": ""InvReservationData""}"
"{""_id"": {""$oid"": ""5e9d5f69e4b02844cca7ac7d""}, ""modifiedTime"": {""$date"": 1587371910629}, ""creationTime"": {""$date"": 1587371881847}, ""cartId"": ""9cad9cf5-dd10-4dc7-96fb-947d3ad5d0e6"", ""priority"": ""P001"", ""storeId"": null, ""version"": {""$numberLong"": ""3""}, ""lpId"": ""DL"", ""timeStamp"": {""$numberLong"": ""1587372930626""}, ""transactionType"": null, ""itemId"": ""2579QM01"", ""parentUssId"": null, ""sellerID"": ""123762"", ""codEliglible"": ""Y"", ""deliveryMode"": ""HD"", ""ussID"": ""1237622579QM01"", ""locationId"": ""123762-FPMW"", ""pinCode"": ""700072"", ""quantityValue"": 1, ""fulFillmentType"": ""TSHIP"", ""transportMode"": ""AIR"", ""isAFreeBie"": ""N"", ""typeCode"": ""InvReservationData""}"
"{""_id"": {""$oid"": ""5e9d6537e4b02844cca7ac94""}, ""modifiedTime"": {""$date"": 1587373378704}, ""creationTime"": {""$date"": 1587373367935}, ""cartId"": ""6f0023ad-0622-42f0-bdb7-a9c3461209fa"", ""priority"": ""P001"", ""storeId"": null, ""version"": {""$numberLong"": ""3""}, ""lpId"": ""DL"", ""timeStamp"": {""$numberLong"": ""1587374398700""}, ""transactionType"": null, ""itemId"": ""2579QM01"", ""parentUssId"": null, ""sellerID"": ""123762"", ""codEliglible"": ""Y"", ""deliveryMode"": ""HD"", ""ussID"": ""1237622579QM01"", ""locationId"": ""123762-FPMW"", ""pinCode"": ""700072"", ""quantityValue"": 1, ""fulFillmentType"": ""TSHIP"", ""transportMode"": ""AIR"", ""isAFreeBie"": ""N"", ""typeCode"": ""InvReservationData""}"
"{""_id"": {""$oid"": ""5e9d8037e4b02844cca7ace5""}, ""modifiedTime"": {""$date"": 1587380290719}, ""creationTime"": {""$date"": 1587380279116}, ""cartId"": ""60cd5b54-b372-4929-a40c-dcacf291236e"", ""priority"": ""P001"", ""storeId"": null, ""version"": {""$numberLong"": ""3""}, ""lpId"": ""DL"", ""timeStamp"": {""$numberLong"": ""1587381310717""}, ""transactionType"": null, ""itemId"": ""2579QM01"", ""parentUssId"": null, ""sellerID"": ""123762"", ""codEliglible"": ""Y"", ""deliveryMode"": ""HD"", ""ussID"": ""1237622579QM01"", ""locationId"": ""123762-FPMW"", ""pinCode"": ""700072"", ""quantityValue"": 1, ""fulFillmentType"": ""TSHIP"", ""transportMode"": ""AIR"", ""isAFreeBie"": ""N"", ""typeCode"": ""InvReservationData""}"
"{""_id"": {""$oid"": ""5e9d81c1e4b02844cca7acee""}, ""modifiedTime"": {""$date"": 1587380681490}, ""creationTime"": {""$date"": 1587380673757}, ""cartId"": ""28eba561-e086-4ab6-94c6-1381a0411e81"", ""priority"": ""P001"", ""storeId"": null, ""version"": {""$numberLong"": ""3""}, ""lpId"": ""DL"", ""timeStamp"": {""$numberLong"": ""1587381701487""}, ""transactionType"": null, ""itemId"": ""2579QM01"", ""parentUssId"": null, ""sellerID"": ""123762"", ""codEliglible"": ""Y"", ""deliveryMode"": ""HD"", ""ussID"": ""1237622579QM01"", ""locationId"": ""123762-FPMW"", ""pinCode"": ""700072"", ""quantityValue"": 1, ""fulFillmentType"": ""TSHIP"", ""transportMode"": ""AIR"", ""isAFreeBie"": ""N"", ""typeCode"": ""InvReservationData""}"
"{""_id"": {""$oid"": ""5e9d943fe4b02844cca7ad27""}, ""modifiedTime"": {""$date"": 1587385420550}, ""creationTime"": {""$date"": 1587385407545}, ""cartId"": ""0c134c69-3724-46c1-bbee-6a84eb579cf6"", ""priority"": ""P001"", ""storeId"": null, ""version"": {""$numberLong"": ""3""}, ""lpId"": ""DL"", ""timeStamp"": {""$numberLong"": ""1587386440547""}, ""transactionType"": null, ""itemId"": ""2579QM01"", ""parentUssId"": null, ""sellerID"": ""123762"", ""codEliglible"": ""Y"", ""deliveryMode"": ""HD"", ""ussID"": ""1237622579QM01"", ""locationId"": ""123762-FPMW"", ""pinCode"": ""700072"", ""quantityValue"": 1, ""fulFillmentType"": ""TSHIP"", ""transportMode"": ""AIR"", ""isAFreeBie"": ""N"", ""typeCode"": ""InvReservationData""}"
"{""_id"": {""$oid"": ""5e9d9f42e4b02844cca7ad51""}, ""modifiedTime"": {""$date"": 1587388539532}, ""creationTime"": {""$date"": 1587388226743}, ""cartId"": ""3628d036-8d8f-4f42-b03d-e7c03a4a1469"", ""priority"": ""P001"", ""storeId"": null, ""version"": {""$numberLong"": ""5""}, ""lpId"": ""DL"", ""timeStamp"": {""$numberLong"": ""1587389559528""}, ""transactionType"": null, ""itemId"": ""2579QM01"", ""parentUssId"": null, ""sellerID"": ""123762"", ""codEliglible"": ""Y"", ""deliveryMode"": ""HD"", ""ussID"": ""1237622579QM01"", ""locationId"": ""123762-FPMW"", ""pinCode"": ""700072"", ""quantityValue"": 1, ""fulFillmentType"": ""TSHIP"", ""transportMode"": ""AIR"", ""isAFreeBie"": ""N"", ""typeCode"": ""InvReservationData""}"
"{""_id"": {""$oid"": ""5e9ea286e4b08451361b59f1""}, ""modifiedTime"": {""$date"": 1587454598654}, ""creationTime"": {""$date"": 1587454598654}, ""cartId"": ""17f7a054-ccae-4a1d-bea6-961d1ecca72f"", ""priority"": ""P001"", ""storeId"": null, ""version"": {""$numberLong"": ""1""}, ""lpId"": ""DL"", ""timeStamp"": {""$numberLong"": ""1587455498646""}, ""transactionType"": null, ""itemId"": ""4502250"", ""parentUssId"": null, ""sellerID"": ""100065"", ""codEliglible"": ""Y"", ""deliveryMode"": ""HD"", ""ussID"": ""1000654502250"", ""locationId"": ""100065-TESTSLAVE"", ""pinCode"": ""110001"", ""quantityValue"": 1, ""fulFillmentType"": ""TSHIP"", ""transportMode"": ""SUR"", ""isAFreeBie"": ""N"", ""typeCode"": ""InvReservationData""}"
"{""_id"": {""$oid"": ""5ea0213ce4b070d799a5b20e""}, ""modifiedTime"": {""$date"": 1587552572529}, ""creationTime"": {""$date"": 1587552572529}, ""cartId"": ""85d806f4-302a-42dd-bd2c-2af45002ad48"", ""priority"": ""P001"", ""storeId"": null, ""version"": {""$numberLong"": ""1""}, ""lpId"": ""DL"", ""timeStamp"": {""$numberLong"": ""1587553472520""}, ""transactionType"": null, ""itemId"": ""95060WM01F"", ""parentUssId"": null, ""sellerID"": ""123762"", ""codEliglible"": ""N"", ""deliveryMode"": ""HD"", ""ussID"": ""12376295060WM01F"", ""locationId"": ""123762-FPMW"", ""pinCode"": ""400083"", ""quantityValue"": 1, ""fulFillmentType"": ""TSHIP"", ""transportMode"": ""AIR"", ""isAFreeBie"": ""N"", ""typeCode"": ""InvReservationData""}"
"{""_id"": {""$oid"": ""5ea0213ce4b070d799a5b20f""}, ""modifiedTime"": {""$date"": 1587552572530}, ""creationTime"": {""$date"": 1587552572530}, ""cartId"": ""85d806f4-302a-42dd-bd2c-2af45002ad48"", ""priority"": ""P001"", ""storeId"": null, ""version"": {""$numberLong"": ""1""}, ""lpId"": ""DL"", ""timeStamp"": {""$numberLong"": ""1587553472520""}, ""transactionType"": null, ""itemId"": ""95060WM01F"", ""parentUssId"": null, ""sellerID"": ""123762"", ""codEliglible"": ""N"", ""deliveryMode"": ""HD"", ""ussID"": ""12376295060WM01F"", ""locationId"": ""123762-FPMW"", ""pinCode"": ""400083"", ""quantityValue"": 1, ""fulFillmentType"": ""TSHIP"", ""transportMode"": ""AIR"", ""isAFreeBie"": ""N"", ""typeCode"": ""InvReservationData""}"
"{""_id"": {""$oid"": ""5ea0213ce4b070d799a5b210""}, ""modifiedTime"": {""$date"": 1587552572531}, ""creationTime"": {""$date"": 1587552572531}, ""cartId"": ""85d806f4-302a-42dd-bd2c-2af45002ad48"", ""priority"": ""P001"", ""storeId"": null, ""version"": {""$numberLong"": ""1""}, ""lpId"": ""DL"", ""timeStamp"": {""$numberLong"": ""1587553472520""}, ""transactionType"": null, ""itemId"": ""95060WM01F"", ""parentUssId"": null, ""sellerID"": ""123762"", ""codEliglible"": ""N"", ""deliveryMode"": ""HD"", ""ussID"": ""12376295060WM01F"", ""locationId"": ""123762-FPMW"", ""pinCode"": ""400083"", ""quantityValue"": 1, ""fulFillmentType"": ""TSHIP"", ""transportMode"": ""AIR"", ""isAFreeBie"": ""N"", ""typeCode"": ""InvReservationData""}"
"{""_id"": {""$oid"": ""5ea0213ce4b070d799a5b211""}, ""modifiedTime"": {""$date"": 1587552572533}, ""creationTime"": {""$date"": 1587552572533}, ""cartId"": ""85d806f4-302a-42dd-bd2c-2af45002ad48"", ""priority"": ""P001"", ""storeId"": null, ""version"": {""$numberLong"": ""1""}, ""lpId"": ""DL"", ""timeStamp"": {""$numberLong"": ""1587553472520""}, ""transactionType"": null, ""itemId"": ""95060WM01F"", ""parentUssId"": null, ""sellerID"": ""123762"", ""codEliglible"": ""N"", ""deliveryMode"": ""HD"", ""ussID"": ""12376295060WM01F"", ""locationId"": ""123762-FPMW"", ""pinCode"": ""400083"", ""quantityValue"": 1, ""fulFillmentType"": ""TSHIP"", ""transportMode"": ""AIR"", ""isAFreeBie"": ""N"", ""typeCode"": ""InvReservationData""}"
"{""_id"": {""$oid"": ""5ea0213ce4b070d799a5b212""}, ""modifiedTime"": {""$date"": 1587552572539}, ""creationTime"": {""$date"": 1587552572539}, ""cartId"": ""85d806f4-302a-42dd-bd2c-2af45002ad48"", ""priority"": ""P001"", ""storeId"": null, ""version"": {""$numberLong"": ""1""}, ""lpId"": ""DL"", ""timeStamp"": {""$numberLong"": ""1587553472520""}, ""transactionType"": null, ""itemId"": ""95060WM01F"", ""parentUssId"": null, ""sellerID"": ""123762"", ""codEliglible"": ""N"", ""deliveryMode"": ""HD"", ""ussID"": ""12376295060WM01F"", ""locationId"": ""123762-FPMW"", ""pinCode"": ""400083"", ""quantityValue"": 1, ""fulFillmentType"": ""TSHIP"", ""transportMode"": ""AIR"", ""isAFreeBie"": ""N"", ""typeCode"": ""InvReservationData""}"
"{""_id"": {""$oid"": ""5ea02213e4b070d799a5b21e""}, ""modifiedTime"": {""$date"": 1587552787218}, ""creationTime"": {""$date"": 1587552787218}, ""cartId"": ""893a1260-c5a2-480e-8a64-727d33e909e1"", ""priority"": ""P001"", ""storeId"": null, ""version"": {""$numberLong"": ""1""}, ""lpId"": ""DL"", ""timeStamp"": {""$numberLong"": ""1587553687211""}, ""transactionType"": null, ""itemId"": ""95060WM01F"", ""parentUssId"": null, ""sellerID"": ""123762"", ""codEliglible"": ""N"", ""deliveryMode"": ""HD"", ""ussID"": ""12376295060WM01F"", ""locationId"": ""123762-FPMW"", ""pinCode"": ""400083"", ""quantityValue"": 1, ""fulFillmentType"": ""TSHIP"", ""transportMode"": ""AIR"", ""isAFreeBie"": ""N"", ""typeCode"": ""InvReservationData""}"
"{""_id"": {""$oid"": ""5ea02213e4b070d799a5b21f""}, ""modifiedTime"": {""$date"": 1587552787219}, ""creationTime"": {""$date"": 1587552787219}, ""cartId"": ""893a1260-c5a2-480e-8a64-727d33e909e1"", ""priority"": ""P001"", ""storeId"": null, ""version"": {""$numberLong"": ""1""}, ""lpId"": ""DL"", ""timeStamp"": {""$numberLong"": ""1587553687211""}, ""transactionType"": null, ""itemId"": ""95060WM01F"", ""parentUssId"": null, ""sellerID"": ""123762"", ""codEliglible"": ""N"", ""deliveryMode"": ""HD"", ""ussID"": ""12376295060WM01F"", ""locationId"": ""123762-FPMW"", ""pinCode"": ""400083"", ""quantityValue"": 1, ""fulFillmentType"": ""TSHIP"", ""transportMode"": ""AIR"", ""isAFreeBie"": ""N"", ""typeCode"": ""InvReservationData""}"
"{""_id"": {""$oid"": ""5ea02213e4b070d799a5b220""}, ""modifiedTime"": {""$date"": 1587552787220}, ""creationTime"": {""$date"": 1587552787220}, ""cartId"": ""893a1260-c5a2-480e-8a64-727d33e909e1"", ""priority"": ""P001"", ""storeId"": null, ""version"": {""$numberLong"": ""1""}, ""lpId"": ""DL"", ""timeStamp"": {""$numberLong"": ""1587553687211""}, ""transactionType"": null, ""itemId"": ""95060WM01F"", ""parentUssId"": null, ""sellerID"": ""123762"", ""codEliglible"": ""N"", ""deliveryMode"": ""HD"", ""ussID"": ""12376295060WM01F"", ""locationId"": ""123762-FPMW"", ""pinCode"": ""400083"", ""quantityValue"": 1, ""fulFillmentType"": ""TSHIP"", ""transportMode"": ""AIR"", ""isAFreeBie"": ""N"", ""typeCode"": ""InvReservationData""}"
"{""_id"": {""$oid"": ""5ea02213e4b070d799a5b221""}, ""modifiedTime"": {""$date"": 1587552787220}, ""creationTime"": {""$date"": 1587552787220}, ""cartId"": ""893a1260-c5a2-480e-8a64-727d33e909e1"", ""priority"": ""P001"", ""storeId"": null, ""version"": {""$numberLong"": ""1""}, ""lpId"": ""DL"", ""timeStamp"": {""$numberLong"": ""1587553687211""}, ""transactionType"": null, ""itemId"": ""95060WM01F"", ""parentUssId"": null, ""sellerID"": ""123762"", ""codEliglible"": ""N"", ""deliveryMode"": ""HD"", ""ussID"": ""12376295060WM01F"", ""locationId"": ""123762-FPMW"", ""pinCode"": ""400083"", ""quantityValue"": 1, ""fulFillmentType"": ""TSHIP"", ""transportMode"": ""AIR"", ""isAFreeBie"": ""N"", ""typeCode"": ""InvReservationData""}"
"{""_id"": {""$oid"": ""5ea02213e4b070d799a5b222""}, ""modifiedTime"": {""$date"": 1587552787221}, ""creationTime"": {""$date"": 1587552787221}, ""cartId"": ""893a1260-c5a2-480e-8a64-727d33e909e1"", ""priority"": ""P001"", ""storeId"": null, ""version"": {""$numberLong"": ""1""}, ""lpId"": ""DL"", ""timeStamp"": {""$numberLong"": ""1587553687211""}, ""transactionType"": null, ""itemId"": ""95060WM01F"", ""parentUssId"": null, ""sellerID"": ""123762"", ""codEliglible"": ""N"", ""deliveryMode"": ""HD"", ""ussID"": ""12376295060WM01F"", ""locationId"": ""123762-FPMW"", ""pinCode"": ""400083"", ""quantityValue"": 1, ""fulFillmentType"": ""TSHIP"", ""transportMode"": ""AIR"", ""isAFreeBie"": ""N"", ""typeCode"": ""InvReservationData""}"
"{""_id"": {""$oid"": ""5ea13fe6e4b07d970fd90141""}, ""modifiedTime"": {""$date"": 1587625958501}, ""creationTime"": {""$date"": 1587625958501}, ""cartId"": ""d472fb7d-9c70-41bf-b08b-7b6bd462e415"", ""priority"": ""P001"", ""storeId"": null, ""version"": {""$numberLong"": ""1""}, ""lpId"": ""DL"", ""timeStamp"": {""$numberLong"": ""1587626858491""}, ""transactionType"": null, ""itemId"": ""95060WM01F"", ""parentUssId"": null, ""sellerID"": ""123762"", ""codEliglible"": ""N"", ""deliveryMode"": ""HD"", ""ussID"": ""12376295060WM01F"", ""locationId"": ""123762-FPMW"", ""pinCode"": ""400083"", ""quantityValue"": 1, ""fulFillmentType"": ""TSHIP"", ""transportMode"": ""AIR"", ""isAFreeBie"": ""N"", ""typeCode"": ""InvReservationData""}"
"{""_id"": {""$oid"": ""5ea13fe6e4b07d970fd90142""}, ""modifiedTime"": {""$date"": 1587625958502}, ""creationTime"": {""$date"": 1587625958502}, ""cartId"": ""d472fb7d-9c70-41bf-b08b-7b6bd462e415"", ""priority"": ""P001"", ""storeId"": null, ""version"": {""$numberLong"": ""1""}, ""lpId"": ""DL"", ""timeStamp"": {""$numberLong"": ""1587626858491""}, ""transactionType"": null, ""itemId"": ""95060WM01F"", ""parentUssId"": null, ""sellerID"": ""123762"", ""codEliglible"": ""N"", ""deliveryMode"": ""HD"", ""ussID"": ""12376295060WM01F"", ""locationId"": ""123762-FPMW"", ""pinCode"": ""400083"", ""quantityValue"": 1, ""fulFillmentType"": ""TSHIP"", ""transportMode"": ""AIR"", ""isAFreeBie"": ""N"", ""typeCode"": ""InvReservationData""}"
"{""_id"": {""$oid"": ""5ea13fe6e4b07d970fd90143""}, ""modifiedTime"": {""$date"": 1587625958503}, ""creationTime"": {""$date"": 1587625958503}, ""cartId"": ""d472fb7d-9c70-41bf-b08b-7b6bd462e415"", ""priority"": ""P001"", ""storeId"": null, ""version"": {""$numberLong"": ""1""}, ""lpId"": ""DL"", ""timeStamp"": {""$numberLong"": ""1587626858491""}, ""transactionType"": null, ""itemId"": ""95060WM01F"", ""parentUssId"": null, ""sellerID"": ""123762"", ""codEliglible"": ""N"", ""deliveryMode"": ""HD"", ""ussID"": ""12376295060WM01F"", ""locationId"": ""123762-FPMW"", ""pinCode"": ""400083"", ""quantityValue"": 1, ""fulFillmentType"": ""TSHIP"", ""transportMode"": ""AIR"", ""isAFreeBie"": ""N"", ""typeCode"": ""InvReservationData""}"
"{""_id"": {""$oid"": ""5ea13fe6e4b07d970fd90144""}, ""modifiedTime"": {""$date"": 1587625958508}, ""creationTime"": {""$date"": 1587625958508}, ""cartId"": ""d472fb7d-9c70-41bf-b08b-7b6bd462e415"", ""priority"": ""P001"", ""storeId"": null, ""version"": {""$numberLong"": ""1""}, ""lpId"": ""DL"", ""timeStamp"": {""$numberLong"": ""1587626858491""}, ""transactionType"": null, ""itemId"": ""95060WM01F"", ""parentUssId"": null, ""sellerID"": ""123762"", ""codEliglible"": ""N"", ""deliveryMode"": ""HD"", ""ussID"": ""12376295060WM01F"", ""locationId"": ""123762-FPMW"", ""pinCode"": ""400083"", ""quantityValue"": 1, ""fulFillmentType"": ""TSHIP"", ""transportMode"": ""AIR"", ""isAFreeBie"": ""N"", ""typeCode"": ""InvReservationData""}"
"{""_id"": {""$oid"": ""5ea13fe6e4b07d970fd90145""}, ""modifiedTime"": {""$date"": 1587625958515}, ""creationTime"": {""$date"": 1587625958515}, ""cartId"": ""d472fb7d-9c70-41bf-b08b-7b6bd462e415"", ""priority"": ""P001"", ""storeId"": null, ""version"": {""$numberLong"": ""1""}, ""lpId"": ""DL"", ""timeStamp"": {""$numberLong"": ""1587626858491""}, ""transactionType"": null, ""itemId"": ""95060WM01F"", ""parentUssId"": null, ""sellerID"": ""123762"", ""codEliglible"": ""N"", ""deliveryMode"": ""HD"", ""ussID"": ""12376295060WM01F"", ""locationId"": ""123762-FPMW"", ""pinCode"": ""400083"", ""quantityValue"": 1, ""fulFillmentType"": ""TSHIP"", ""transportMode"": ""AIR"", ""isAFreeBie"": ""N"", ""typeCode"": ""InvReservationData""}"
"{""_id"": {""$oid"": ""5ea2b122e4b0bec9c15b6f8a""}, ""modifiedTime"": {""$date"": 1587720482605}, ""creationTime"": {""$date"": 1587720482605}, ""cartId"": ""4578b6cd-6c87-4d7d-bf13-d1e39546a0a0"", ""priority"": ""P001"", ""storeId"": null, ""version"": {""$numberLong"": ""1""}, ""lpId"": ""DL"", ""timeStamp"": {""$numberLong"": ""1587721382597""}, ""transactionType"": null, ""itemId"": ""4502250"", ""parentUssId"": null, ""sellerID"": ""100065"", ""codEliglible"": ""Y"", ""deliveryMode"": ""HD"", ""ussID"": ""1000654502250"", ""locationId"": ""100065-110"", ""pinCode"": ""700072"", ""quantityValue"": 1, ""fulFillmentType"": ""TSHIP"", ""transportMode"": ""SUR"", ""isAFreeBie"": ""N"", ""typeCode"": ""InvReservationData""}"
"{""_id"": {""$oid"": ""5ea6d1e3e4b0b104d1291bb7""}, ""modifiedTime"": {""$date"": 1587991011375}, ""creationTime"": {""$date"": 1587991011375}, ""cartId"": ""e718e5fe-88bf-404c-b8ee-b60a8809e985"", ""priority"": ""P001"", ""storeId"": null, ""version"": {""$numberLong"": ""1""}, ""lpId"": ""DL"", ""timeStamp"": {""$numberLong"": ""1587991911363""}, ""transactionType"": null, ""itemId"": ""NE9932KM01J"", ""parentUssId"": null, ""sellerID"": ""123762"", ""codEliglible"": ""Y"", ""deliveryMode"": ""HD"", ""ussID"": ""123762NE9932KM01J"", ""locationId"": ""123762-FPMW"", ""pinCode"": ""400083"", ""quantityValue"": 1, ""fulFillmentType"": ""TSHIP"", ""transportMode"": ""AIR"", ""isAFreeBie"": ""N"", ""typeCode"": ""InvReservationData""}"
"{""_id"": {""$oid"": ""5ea809cee4b021a47773d166""}, ""modifiedTime"": {""$date"": 1588070862205}, ""creationTime"": {""$date"": 1588070862205}, ""cartId"": ""1abafba6-f5ec-4664-915b-2adc77ed551d"", ""priority"": ""P001"", ""storeId"": null, ""version"": {""$numberLong"": ""1""}, ""lpId"": ""DL"", ""timeStamp"": {""$numberLong"": ""1588071762199""}, ""transactionType"": null, ""itemId"": ""95058KM01"", ""parentUssId"": null, ""sellerID"": ""123762"", ""codEliglible"": ""Y"", ""deliveryMode"": ""HD"", ""ussID"": ""12376295058KM01"", ""locationId"": ""123762-FPMW"", ""pinCode"": ""700072"", ""quantityValue"": 1, ""fulFillmentType"": ""TSHIP"", ""transportMode"": ""AIR"", ""isAFreeBie"": ""N"", ""typeCode"": ""InvReservationData""}"
"{""_id"": {""$oid"": ""5ea963e5e4b0bead43e6d4e7""}, ""modifiedTime"": {""$date"": 1588159461998}, ""creationTime"": {""$date"": 1588159461998}, ""cartId"": ""aada8cdc-f4c1-4fff-9dda-041a5526ce6a"", ""priority"": ""P001"", ""storeId"": null, ""version"": {""$numberLong"": ""1""}, ""lpId"": ""DL"", ""timeStamp"": {""$numberLong"": ""1588160361988""}, ""transactionType"": null, ""itemId"": ""4502250"", ""parentUssId"": null, ""sellerID"": ""100065"", ""codEliglible"": ""Y"", ""deliveryMode"": ""HD"", ""ussID"": ""1000654502250"", ""locationId"": ""100065-TESTSLAVE"", ""pinCode"": ""110001"", ""quantityValue"": 1, ""fulFillmentType"": ""TSHIP"", ""transportMode"": ""SUR"", ""isAFreeBie"": ""N"", ""typeCode"": ""InvReservationData""}"
"{""_id"": {""$oid"": ""5eafc0ace4b07f6829487613""}, ""modifiedTime"": {""$date"": 1588576428399}, ""creationTime"": {""$date"": 1588576428399}, ""cartId"": ""de9d5e61-7f1d-4a11-882f-d66c509f1349"", ""priority"": ""P001"", ""storeId"": null, ""version"": {""$numberLong"": ""1""}, ""lpId"": ""DL"", ""timeStamp"": {""$numberLong"": ""1588577328383""}, ""transactionType"": null, ""itemId"": ""4502250"", ""parentUssId"": null, ""sellerID"": ""100065"", ""codEliglible"": ""Y"", ""deliveryMode"": ""HD"", ""ussID"": ""1000654502250"", ""locationId"": ""100065-110"", ""pinCode"": ""700072"", ""quantityValue"": 1, ""fulFillmentType"": ""TSHIP"", ""transportMode"": ""SUR"", ""isAFreeBie"": ""N"", ""typeCode"": ""InvReservationData""}"
"{""_id"": {""$oid"": ""5eb00f9ae4b07f6829487731""}, ""modifiedTime"": {""$date"": 1588596634344}, ""creationTime"": {""$date"": 1588596634344}, ""cartId"": ""aec2da7a-6ca3-4ef3-989d-1291f0960517"", ""priority"": ""P001"", ""storeId"": null, ""version"": {""$numberLong"": ""1""}, ""lpId"": ""DL"", ""timeStamp"": {""$numberLong"": ""1588597534329""}, ""transactionType"": null, ""itemId"": ""1489KL04"", ""parentUssId"": null, ""sellerID"": ""123762"", ""codEliglible"": ""Y"", ""deliveryMode"": ""HD"", ""ussID"": ""1237621489KL04"", ""locationId"": ""123762-FPMW"", ""pinCode"": ""700072"", ""quantityValue"": 1, ""fulFillmentType"": ""TSHIP"", ""transportMode"": ""AIR"", ""isAFreeBie"": ""N"", ""typeCode"": ""InvReservationData""}"
"{""_id"": {""$oid"": ""5eb00f9ae4b07f6829487732""}, ""modifiedTime"": {""$date"": 1588596634346}, ""creationTime"": {""$date"": 1588596634346}, ""cartId"": ""aec2da7a-6ca3-4ef3-989d-1291f0960517"", ""priority"": ""P001"", ""storeId"": null, ""version"": {""$numberLong"": ""1""}, ""lpId"": ""DL"", ""timeStamp"": {""$numberLong"": ""1588597534329""}, ""transactionType"": null, ""itemId"": ""1489KL04"", ""parentUssId"": null, ""sellerID"": ""123762"", ""codEliglible"": ""Y"", ""deliveryMode"": ""HD"", ""ussID"": ""1237621489KL04"", ""locationId"": ""123762-FPMW"", ""pinCode"": ""700072"", ""quantityValue"": 1, ""fulFillmentType"": ""TSHIP"", ""transportMode"": ""AIR"", ""isAFreeBie"": ""N"", ""typeCode"": ""InvReservationData""}"
"{""_id"": {""$oid"": ""5eb00f9ae4b07f6829487733""}, ""modifiedTime"": {""$date"": 1588596634347}, ""creationTime"": {""$date"": 1588596634347}, ""cartId"": ""aec2da7a-6ca3-4ef3-989d-1291f0960517"", ""priority"": ""P001"", ""storeId"": null, ""version"": {""$numberLong"": ""1""}, ""lpId"": ""DL"", ""timeStamp"": {""$numberLong"": ""1588597534329""}, ""transactionType"": null, ""itemId"": ""1489KL04"", ""parentUssId"": null, ""sellerID"": ""123762"", ""codEliglible"": ""Y"", ""deliveryMode"": ""HD"", ""ussID"": ""1237621489KL04"", ""locationId"": ""123762-FPMW"", ""pinCode"": ""700072"", ""quantityValue"": 1, ""fulFillmentType"": ""TSHIP"", ""transportMode"": ""AIR"", ""isAFreeBie"": ""N"", ""typeCode"": ""InvReservationData""}"
"{""_id"": {""$oid"": ""5eb00fcee4b07f6829487736""}, ""modifiedTime"": {""$date"": 1588596686223}, ""creationTime"": {""$date"": 1588596686223}, ""cartId"": ""ab175045-9b88-4811-a23e-8fcb83161fbe"", ""priority"": ""P001"", ""storeId"": null, ""version"": {""$numberLong"": ""1""}, ""lpId"": ""DL"", ""timeStamp"": {""$numberLong"": ""1588597586210""}, ""transactionType"": null, ""itemId"": ""1489KL04"", ""parentUssId"": null, ""sellerID"": ""123762"", ""codEliglible"": ""Y"", ""deliveryMode"": ""HD"", ""ussID"": ""1237621489KL04"", ""locationId"": ""123762-FPMW"", ""pinCode"": ""700072"", ""quantityValue"": 1, ""fulFillmentType"": ""TSHIP"", ""transportMode"": ""AIR"", ""isAFreeBie"": ""N"", ""typeCode"": ""InvReservationData""}"
"{""_id"": {""$oid"": ""5eb00fcee4b07f6829487737""}, ""modifiedTime"": {""$date"": 1588596686223}, ""creationTime"": {""$date"": 1588596686223}, ""cartId"": ""ab175045-9b88-4811-a23e-8fcb83161fbe"", ""priority"": ""P001"", ""storeId"": null, ""version"": {""$numberLong"": ""1""}, ""lpId"": ""DL"", ""timeStamp"": {""$numberLong"": ""1588597586210""}, ""transactionType"": null, ""itemId"": ""1489KL04"", ""parentUssId"": null, ""sellerID"": ""123762"", ""codEliglible"": ""Y"", ""deliveryMode"": ""HD"", ""ussID"": ""1237621489KL04"", ""locationId"": ""123762-FPMW"", ""pinCode"": ""700072"", ""quantityValue"": 1, ""fulFillmentType"": ""TSHIP"", ""transportMode"": ""AIR"", ""isAFreeBie"": ""N"", ""typeCode"": ""InvReservationData""}"
"{""_id"": {""$oid"": ""5eb00fcee4b07f6829487738""}, ""modifiedTime"": {""$date"": 1588596686225}, ""creationTime"": {""$date"": 1588596686225}, ""cartId"": ""ab175045-9b88-4811-a23e-8fcb83161fbe"", ""priority"": ""P001"", ""storeId"": null, ""version"": {""$numberLong"": ""1""}, ""lpId"": ""DL"", ""timeStamp"": {""$numberLong"": ""1588597586210""}, ""transactionType"": null, ""itemId"": ""1489KL04"", ""parentUssId"": null, ""sellerID"": ""123762"", ""codEliglible"": ""Y"", ""deliveryMode"": ""HD"", ""ussID"": ""1237621489KL04"", ""locationId"": ""123762-FPMW"", ""pinCode"": ""700072"", ""quantityValue"": 1, ""fulFillmentType"": ""TSHIP"", ""transportMode"": ""AIR"", ""isAFreeBie"": ""N"", ""typeCode"": ""InvReservationData""}"
"{""_id"": {""$oid"": ""5eb010c5e4b07f6829487741""}, ""modifiedTime"": {""$date"": 1588596933406}, ""creationTime"": {""$date"": 1588596933406}, ""cartId"": ""0e65747b-3cd3-4dd5-87ac-ca5c1c49a39e"", ""priority"": ""P001"", ""storeId"": null, ""version"": {""$numberLong"": ""1""}, ""lpId"": ""DL"", ""timeStamp"": {""$numberLong"": ""1588597833390""}, ""transactionType"": null, ""itemId"": ""1489KL04"", ""parentUssId"": null, ""sellerID"": ""123762"", ""codEliglible"": ""Y"", ""deliveryMode"": ""HD"", ""ussID"": ""1237621489KL04"", ""locationId"": ""123762-FPMW"", ""pinCode"": ""700072"", ""quantityValue"": 1, ""fulFillmentType"": ""TSHIP"", ""transportMode"": ""AIR"", ""isAFreeBie"": ""N"", ""typeCode"": ""InvReservationData""}"
"{""_id"": {""$oid"": ""5eb027d1e4b07f682948779a""}, ""modifiedTime"": {""$date"": 1588602833838}, ""creationTime"": {""$date"": 1588602833838}, ""cartId"": ""5c887f9c-97a1-4abb-91d1-95ab015d4e52"", ""priority"": ""P001"", ""storeId"": null, ""version"": {""$numberLong"": ""1""}, ""lpId"": ""DL"", ""timeStamp"": {""$numberLong"": ""1588603733824""}, ""transactionType"": null, ""itemId"": ""1489KL04"", ""parentUssId"": null, ""sellerID"": ""123762"", ""codEliglible"": ""Y"", ""deliveryMode"": ""HD"", ""ussID"": ""1237621489KL04"", ""locationId"": ""123762-FPMW"", ""pinCode"": ""700072"", ""quantityValue"": 1, ""fulFillmentType"": ""TSHIP"", ""transportMode"": ""AIR"", ""isAFreeBie"": ""N"", ""typeCode"": ""InvReservationData""}"
"{""_id"": {""$oid"": ""5eb02881e4b07f682948779f""}, ""modifiedTime"": {""$date"": 1588603009566}, ""creationTime"": {""$date"": 1588603009566}, ""cartId"": ""a629f6c4-2bad-459e-a876-ed54c1b925a0"", ""priority"": ""P001"", ""storeId"": null, ""version"": {""$numberLong"": ""1""}, ""lpId"": ""DL"", ""timeStamp"": {""$numberLong"": ""1588603909549""}, ""transactionType"": null, ""itemId"": ""1489KL04"", ""parentUssId"": null, ""sellerID"": ""123762"", ""codEliglible"": ""Y"", ""deliveryMode"": ""HD"", ""ussID"": ""1237621489KL04"", ""locationId"": ""123762-FPMW"", ""pinCode"": ""700072"", ""quantityValue"": 1, ""fulFillmentType"": ""TSHIP"", ""transportMode"": ""AIR"", ""isAFreeBie"": ""N"", ""typeCode"": ""InvReservationData""}"
"{""_id"": {""$oid"": ""5eb0314de4b07f68294877bc""}, ""modifiedTime"": {""$date"": 1588605261908}, ""creationTime"": {""$date"": 1588605261908}, ""cartId"": ""94d8c260-7dd8-45f3-b16b-400dfb3e253b"", ""priority"": ""P001"", ""storeId"": null, ""version"": {""$numberLong"": ""1""}, ""lpId"": ""DL"", ""timeStamp"": {""$numberLong"": ""1588606161893""}, ""transactionType"": null, ""itemId"": ""1489KL04"", ""parentUssId"": null, ""sellerID"": ""123762"", ""codEliglible"": ""Y"", ""deliveryMode"": ""HD"", ""ussID"": ""1237621489KL04"", ""locationId"": ""123762-FPMW"", ""pinCode"": ""700072"", ""quantityValue"": 1, ""fulFillmentType"": ""TSHIP"", ""transportMode"": ""AIR"", ""isAFreeBie"": ""N"", ""typeCode"": ""InvReservationData""}"
"{""_id"": {""$oid"": ""5eb03242e4b07f68294877c1""}, ""modifiedTime"": {""$date"": 1588605506751}, ""creationTime"": {""$date"": 1588605506751}, ""cartId"": ""81e56050-cf2e-463f-af8c-2f2a5384924f"", ""priority"": ""P001"", ""storeId"": null, ""version"": {""$numberLong"": ""1""}, ""lpId"": ""DL"", ""timeStamp"": {""$numberLong"": ""1588606406740""}, ""transactionType"": null, ""itemId"": ""1489KL04"", ""parentUssId"": null, ""sellerID"": ""123762"", ""codEliglible"": ""Y"", ""deliveryMode"": ""HD"", ""ussID"": ""1237621489KL04"", ""locationId"": ""123762-FPMW"", ""pinCode"": ""700072"", ""quantityValue"": 1, ""fulFillmentType"": ""TSHIP"", ""transportMode"": ""AIR"", ""isAFreeBie"": ""N"", ""typeCode"": ""InvReservationData""}"
"{""_id"": {""$oid"": ""5eb038eae4b07f68294877da""}, ""modifiedTime"": {""$date"": 1588607210818}, ""creationTime"": {""$date"": 1588607210818}, ""cartId"": ""751e3867-8f03-4b8a-b204-fc075be83ac0"", ""priority"": ""P001"", ""storeId"": null, ""version"": {""$numberLong"": ""1""}, ""lpId"": ""DL"", ""timeStamp"": {""$numberLong"": ""1588608110804""}, ""transactionType"": null, ""itemId"": ""1489KL04"", ""parentUssId"": null, ""sellerID"": ""123762"", ""codEliglible"": ""Y"", ""deliveryMode"": ""HD"", ""ussID"": ""1237621489KL04"", ""locationId"": ""123762-FPMW"", ""pinCode"": ""700072"", ""quantityValue"": 1, ""fulFillmentType"": ""TSHIP"", ""transportMode"": ""AIR"", ""isAFreeBie"": ""N"", ""typeCode"": ""InvReservationData""}"
"{""_id"": {""$oid"": ""5eb039b2e4b07f68294877df""}, ""modifiedTime"": {""$date"": 1588607410945}, ""creationTime"": {""$date"": 1588607410945}, ""cartId"": ""76857e51-ec5e-4818-829e-090812c02ce9"", ""priority"": ""P001"", ""storeId"": null, ""version"": {""$numberLong"": ""1""}, ""lpId"": ""DL"", ""timeStamp"": {""$numberLong"": ""1588608310929""}, ""transactionType"": null, ""itemId"": ""1489KL04"", ""parentUssId"": null, ""sellerID"": ""123762"", ""codEliglible"": ""Y"", ""deliveryMode"": ""HD"", ""ussID"": ""1237621489KL04"", ""locationId"": ""123762-FPMW"", ""pinCode"": ""700072"", ""quantityValue"": 1, ""fulFillmentType"": ""TSHIP"", ""transportMode"": ""AIR"", ""isAFreeBie"": ""N"", ""typeCode"": ""InvReservationData""}"
"{""_id"": {""$oid"": ""5eb039b2e4b07f68294877e0""}, ""modifiedTime"": {""$date"": 1588607410946}, ""creationTime"": {""$date"": 1588607410946}, ""cartId"": ""76857e51-ec5e-4818-829e-090812c02ce9"", ""priority"": ""P001"", ""storeId"": null, ""version"": {""$numberLong"": ""1""}, ""lpId"": ""DL"", ""timeStamp"": {""$numberLong"": ""1588608310929""}, ""transactionType"": null, ""itemId"": ""1489KL04"", ""parentUssId"": null, ""sellerID"": ""123762"", ""codEliglible"": ""Y"", ""deliveryMode"": ""HD"", ""ussID"": ""1237621489KL04"", ""locationId"": ""123762-FPMW"", ""pinCode"": ""700072"", ""quantityValue"": 1, ""fulFillmentType"": ""TSHIP"", ""transportMode"": ""AIR"", ""isAFreeBie"": ""N"", ""typeCode"": ""InvReservationData""}"
"{""_id"": {""$oid"": ""5eb039b2e4b07f68294877e1""}, ""modifiedTime"": {""$date"": 1588607410947}, ""creationTime"": {""$date"": 1588607410947}, ""cartId"": ""76857e51-ec5e-4818-829e-090812c02ce9"", ""priority"": ""P001"", ""storeId"": null, ""version"": {""$numberLong"": ""1""}, ""lpId"": ""DL"", ""timeStamp"": {""$numberLong"": ""1588608310929""}, ""transactionType"": null, ""itemId"": ""1489KL04"", ""parentUssId"": null, ""sellerID"": ""123762"", ""codEliglible"": ""Y"", ""deliveryMode"": ""HD"", ""ussID"": ""1237621489KL04"", ""locationId"": ""123762-FPMW"", ""pinCode"": ""700072"", ""quantityValue"": 1, ""fulFillmentType"": ""TSHIP"", ""transportMode"": ""AIR"", ""isAFreeBie"": ""N"", ""typeCode"": ""InvReservationData""}"
"{""_id"": {""$oid"": ""5eb040ace4b07f68294877fb""}, ""modifiedTime"": {""$date"": 1588609288467}, ""creationTime"": {""$date"": 1588609196830}, ""cartId"": ""63ca439e-4811-4799-938d-bde84766d58c"", ""priority"": ""P001"", ""storeId"": null, ""version"": {""$numberLong"": ""3""}, ""lpId"": ""DL"", ""timeStamp"": {""$numberLong"": ""1588610188460""}, ""transactionType"": null, ""itemId"": ""1489KL04"", ""parentUssId"": null, ""sellerID"": ""123762"", ""codEliglible"": ""Y"", ""deliveryMode"": ""HD"", ""ussID"": ""1237621489KL04"", ""locationId"": ""123762-FPMW"", ""pinCode"": ""700072"", ""quantityValue"": 1, ""fulFillmentType"": ""TSHIP"", ""transportMode"": ""AIR"", ""isAFreeBie"": ""N"", ""typeCode"": ""InvReservationData""}"
"{""_id"": {""$oid"": ""5eb040ace4b07f68294877fc""}, ""modifiedTime"": {""$date"": 1588609288467}, ""creationTime"": {""$date"": 1588609196832}, ""cartId"": ""63ca439e-4811-4799-938d-bde84766d58c"", ""priority"": ""P001"", ""storeId"": null, ""version"": {""$numberLong"": ""3""}, ""lpId"": ""DL"", ""timeStamp"": {""$numberLong"": ""1588610188460""}, ""transactionType"": null, ""itemId"": ""1489KL04"", ""parentUssId"": null, ""sellerID"": ""123762"", ""codEliglible"": ""Y"", ""deliveryMode"": ""HD"", ""ussID"": ""1237621489KL04"", ""locationId"": ""123762-FPMW"", ""pinCode"": ""700072"", ""quantityValue"": 1, ""fulFillmentType"": ""TSHIP"", ""transportMode"": ""AIR"", ""isAFreeBie"": ""N"", ""typeCode"": ""InvReservationData""}"
"{""_id"": {""$oid"": ""5eb040ace4b07f68294877fd""}, ""modifiedTime"": {""$date"": 1588609288467}, ""creationTime"": {""$date"": 1588609196833}, ""cartId"": ""63ca439e-4811-4799-938d-bde84766d58c"", ""priority"": ""P001"", ""storeId"": null, ""version"": {""$numberLong"": ""3""}, ""lpId"": ""DL"", ""timeStamp"": {""$numberLong"": ""1588610188460""}, ""transactionType"": null, ""itemId"": ""1489KL04"", ""parentUssId"": null, ""sellerID"": ""123762"", ""codEliglible"": ""Y"", ""deliveryMode"": ""HD"", ""ussID"": ""1237621489KL04"", ""locationId"": ""123762-FPMW"", ""pinCode"": ""700072"", ""quantityValue"": 1, ""fulFillmentType"": ""TSHIP"", ""transportMode"": ""AIR"", ""isAFreeBie"": ""N"", ""typeCode"": ""InvReservationData""}"
"{""_id"": {""$oid"": ""5eb0441de4b07f682948780b""}, ""modifiedTime"": {""$date"": 1588610077762}, ""creationTime"": {""$date"": 1588610077762}, ""cartId"": ""a944ee86-4c73-409f-9976-89db43603bed"", ""priority"": ""P001"", ""storeId"": null, ""version"": {""$numberLong"": ""1""}, ""lpId"": ""DL"", ""timeStamp"": {""$numberLong"": ""1588610977752""}, ""transactionType"": null, ""itemId"": ""1489KL04"", ""parentUssId"": null, ""sellerID"": ""123762"", ""codEliglible"": ""Y"", ""deliveryMode"": ""HD"", ""ussID"": ""1237621489KL04"", ""locationId"": ""123762-FPMW"", ""pinCode"": ""400083"", ""quantityValue"": 1, ""fulFillmentType"": ""TSHIP"", ""transportMode"": ""AIR"", ""isAFreeBie"": ""N"", ""typeCode"": ""InvReservationData""}"
"{""_id"": {""$oid"": ""5eb04c8be4b07f682948782c""}, ""modifiedTime"": {""$date"": 1588612235451}, ""creationTime"": {""$date"": 1588612235451}, ""cartId"": ""d85516fb-0aa3-4c82-abe1-0df4bfdca8d5"", ""priority"": ""P001"", ""storeId"": null, ""version"": {""$numberLong"": ""1""}, ""lpId"": ""DL"", ""timeStamp"": {""$numberLong"": ""1588613135433""}, ""transactionType"": null, ""itemId"": ""4502250"", ""parentUssId"": null, ""sellerID"": ""100065"", ""codEliglible"": ""Y"", ""deliveryMode"": ""HD"", ""ussID"": ""1000654502250"", ""locationId"": ""100065-110"", ""pinCode"": ""700072"", ""quantityValue"": 1, ""fulFillmentType"": ""TSHIP"", ""transportMode"": ""SUR"", ""isAFreeBie"": ""N"", ""typeCode"": ""InvReservationData""}"
"{""_id"": {""$oid"": ""5eb04c8be4b07f682948782d""}, ""modifiedTime"": {""$date"": 1588612235452}, ""creationTime"": {""$date"": 1588612235452}, ""cartId"": ""d85516fb-0aa3-4c82-abe1-0df4bfdca8d5"", ""priority"": ""P001"", ""storeId"": null, ""version"": {""$numberLong"": ""1""}, ""lpId"": ""DL"", ""timeStamp"": {""$numberLong"": ""1588613135433""}, ""transactionType"": null, ""itemId"": ""4502250"", ""parentUssId"": null, ""sellerID"": ""100065"", ""codEliglible"": ""Y"", ""deliveryMode"": ""HD"", ""ussID"": ""1000654502250"", ""locationId"": ""100065-110"", ""pinCode"": ""700072"", ""quantityValue"": 1, ""fulFillmentType"": ""TSHIP"", ""transportMode"": ""SUR"", ""isAFreeBie"": ""N"", ""typeCode"": ""InvReservationData""}"
"{""_id"": {""$oid"": ""5eb04c8be4b07f682948782f""}, ""modifiedTime"": {""$date"": 1588612235462}, ""creationTime"": {""$date"": 1588612235462}, ""cartId"": ""d85516fb-0aa3-4c82-abe1-0df4bfdca8d5"", ""priority"": ""P001"", ""storeId"": null, ""version"": {""$numberLong"": ""1""}, ""lpId"": ""DL"", ""timeStamp"": {""$numberLong"": ""1588613135433""}, ""transactionType"": null, ""itemId"": ""1489KL04"", ""parentUssId"": null, ""sellerID"": ""123762"", ""codEliglible"": ""Y"", ""deliveryMode"": ""HD"", ""ussID"": ""1237621489KL04"", ""locationId"": ""123762-FPMW"", ""pinCode"": ""700072"", ""quantityValue"": 1, ""fulFillmentType"": ""TSHIP"", ""transportMode"": ""AIR"", ""isAFreeBie"": ""N"", ""typeCode"": ""InvReservationData""}"
"{""_id"": {""$oid"": ""5eb04c8be4b07f6829487830""}, ""modifiedTime"": {""$date"": 1588612235463}, ""creationTime"": {""$date"": 1588612235463}, ""cartId"": ""d85516fb-0aa3-4c82-abe1-0df4bfdca8d5"", ""priority"": ""P001"", ""storeId"": null, ""version"": {""$numberLong"": ""1""}, ""lpId"": ""DL"", ""timeStamp"": {""$numberLong"": ""1588613135433""}, ""transactionType"": null, ""itemId"": ""1489KL04"", ""parentUssId"": null, ""sellerID"": ""123762"", ""codEliglible"": ""Y"", ""deliveryMode"": ""HD"", ""ussID"": ""1237621489KL04"", ""locationId"": ""123762-FPMW"", ""pinCode"": ""700072"", ""quantityValue"": 1, ""fulFillmentType"": ""TSHIP"", ""transportMode"": ""AIR"", ""isAFreeBie"": ""N"", ""typeCode"": ""InvReservationData""}"
"{""_id"": {""$oid"": ""5eb04c8be4b07f6829487831""}, ""modifiedTime"": {""$date"": 1588612235468}, ""creationTime"": {""$date"": 1588612235468}, ""cartId"": ""d85516fb-0aa3-4c82-abe1-0df4bfdca8d5"", ""priority"": ""P001"", ""storeId"": null, ""version"": {""$numberLong"": ""1""}, ""lpId"": ""DL"", ""timeStamp"": {""$numberLong"": ""1588613135433""}, ""transactionType"": null, ""itemId"": ""1489KL04"", ""parentUssId"": null, ""sellerID"": ""123762"", ""codEliglible"": ""Y"", ""deliveryMode"": ""HD"", ""ussID"": ""1237621489KL04"", ""locationId"": ""123762-FPMW"", ""pinCode"": ""700072"", ""quantityValue"": 1, ""fulFillmentType"": ""TSHIP"", ""transportMode"": ""AIR"", ""isAFreeBie"": ""N"", ""typeCode"": ""InvReservationData""}"
"{""_id"": {""$oid"": ""5eb04f3de4b07f6829487849""}, ""modifiedTime"": {""$date"": 1588612928999}, ""creationTime"": {""$date"": 1588612925470}, ""cartId"": ""49f21ebc-14dd-4758-81e2-b5e0417bfeff"", ""priority"": ""P001"", ""storeId"": null, ""version"": {""$numberLong"": ""2""}, ""lpId"": ""DL"", ""timeStamp"": {""$numberLong"": ""1588613948995""}, ""transactionType"": null, ""itemId"": ""4502250"", ""parentUssId"": null, ""sellerID"": ""100065"", ""codEliglible"": ""Y"", ""deliveryMode"": ""HD"", ""ussID"": ""1000654502250"", ""locationId"": ""100065-110"", ""pinCode"": ""700072"", ""quantityValue"": 1, ""fulFillmentType"": ""TSHIP"", ""transportMode"": ""SUR"", ""isAFreeBie"": ""N"", ""typeCode"": ""InvReservationData""}"
"{""_id"": {""$oid"": ""5eb0fd26e4b0c945eae6e8fb""}, ""modifiedTime"": {""$date"": 1588657446051}, ""creationTime"": {""$date"": 1588657446051}, ""cartId"": ""e83dce57-ab1a-48bf-ad2a-be17af0c5560"", ""priority"": ""P001"", ""storeId"": null, ""version"": {""$numberLong"": ""1""}, ""lpId"": ""DL"", ""timeStamp"": {""$numberLong"": ""1588658466041""}, ""transactionType"": null, ""itemId"": ""Luxfs"", ""parentUssId"": null, ""sellerID"": ""124084"", ""codEliglible"": ""false"", ""deliveryMode"": ""HD"", ""ussID"": ""124084Luxfs"", ""locationId"": ""124084-KOLS1"", ""pinCode"": ""110001"", ""quantityValue"": 1, ""fulFillmentType"": ""TSHIP"", ""transportMode"": ""AIR"", ""isAFreeBie"": ""N"", ""typeCode"": ""InvReservationData""}"
"{""_id"": {""$oid"": ""5eb17389e4b0c945eae6eabf""}, ""modifiedTime"": {""$date"": 1588687753711}, ""creationTime"": {""$date"": 1588687753711}, ""cartId"": ""be954bce-14c3-4e56-9cbb-fd6724c2c03e"", ""priority"": ""P001"", ""storeId"": null, ""version"": {""$numberLong"": ""1""}, ""lpId"": ""DL"", ""timeStamp"": {""$numberLong"": ""1588688653696""}, ""transactionType"": null, ""itemId"": ""4502250"", ""parentUssId"": null, ""sellerID"": ""100065"", ""codEliglible"": ""Y"", ""deliveryMode"": ""HD"", ""ussID"": ""1000654502250"", ""locationId"": ""100065-110"", ""pinCode"": ""700072"", ""quantityValue"": 1, ""fulFillmentType"": ""TSHIP"", ""transportMode"": ""SUR"", ""isAFreeBie"": ""N"", ""typeCode"": ""InvReservationData""}"
"{""_id"": {""$oid"": ""5eb26f1ae4b0b7037b22b2e6""}, ""modifiedTime"": {""$date"": 1588752204161}, ""creationTime"": {""$date"": 1588752154597}, ""cartId"": ""2ce73327-9d67-44a4-8b97-06bfacfd455e"", ""priority"": ""P001"", ""storeId"": null, ""version"": {""$numberLong"": ""4""}, ""lpId"": ""DL"", ""timeStamp"": {""$numberLong"": ""1588753224152""}, ""transactionType"": null, ""itemId"": ""1489KL04"", ""parentUssId"": null, ""sellerID"": ""123762"", ""codEliglible"": ""Y"", ""deliveryMode"": ""HD"", ""ussID"": ""1237621489KL04"", ""locationId"": ""123762-FPMW"", ""pinCode"": ""700072"", ""quantityValue"": 1, ""fulFillmentType"": ""TSHIP"", ""transportMode"": ""AIR"", ""isAFreeBie"": ""N"", ""typeCode"": ""InvReservationData""}"
"{""_id"": {""$oid"": ""5eb27a2be4b0b7037b22b315""}, ""modifiedTime"": {""$date"": 1588754996277}, ""creationTime"": {""$date"": 1588754987514}, ""cartId"": ""848e8d32-95ab-449a-9d0f-6c9ee23ad13b"", ""priority"": ""P001"", ""storeId"": null, ""version"": {""$numberLong"": ""3""}, ""lpId"": ""DL"", ""timeStamp"": {""$numberLong"": ""1588756016270""}, ""transactionType"": null, ""itemId"": ""1489KL04"", ""parentUssId"": null, ""sellerID"": ""123762"", ""codEliglible"": ""Y"", ""deliveryMode"": ""HD"", ""ussID"": ""1237621489KL04"", ""locationId"": ""123762-FPMW"", ""pinCode"": ""400083"", ""quantityValue"": 1, ""fulFillmentType"": ""TSHIP"", ""transportMode"": ""AIR"", ""isAFreeBie"": ""N"", ""typeCode"": ""InvReservationData""}"
"{""_id"": {""$oid"": ""5eb3d518e4b061d1c8dc6b25""}, ""modifiedTime"": {""$date"": 1588843800592}, ""creationTime"": {""$date"": 1588843800592}, ""cartId"": ""4be09ca5-8aa3-4ff2-9c92-eb3833768c3e"", ""priority"": ""P001"", ""storeId"": null, ""version"": {""$numberLong"": ""1""}, ""lpId"": ""DL"", ""timeStamp"": {""$numberLong"": ""1588844700575""}, ""transactionType"": null, ""itemId"": ""4502250"", ""parentUssId"": null, ""sellerID"": ""100065"", ""codEliglible"": ""Y"", ""deliveryMode"": ""HD"", ""ussID"": ""1000654502250"", ""locationId"": ""100065-110"", ""pinCode"": ""700072"", ""quantityValue"": 1, ""fulFillmentType"": ""TSHIP"", ""transportMode"": ""SUR"", ""isAFreeBie"": ""N"", ""typeCode"": ""InvReservationData""}"
"{""_id"": {""$oid"": ""5eb3f31be4b061d1c8dc6bbe""}, ""modifiedTime"": {""$date"": 1588851483587}, ""creationTime"": {""$date"": 1588851483587}, ""cartId"": ""79ff487a-de07-4243-a636-0630a6fc445d"", ""priority"": ""P001"", ""storeId"": null, ""version"": {""$numberLong"": ""1""}, ""lpId"": null, ""timeStamp"": {""$numberLong"": ""1588852383576""}, ""transactionType"": null, ""itemId"": ""2581YM01F"", ""parentUssId"": null, ""sellerID"": ""123762"", ""codEliglible"": ""Y"", ""deliveryMode"": ""HD"", ""ussID"": ""1237622581YM01F"", ""locationId"": ""123762-FPMW"", ""pinCode"": ""500016"", ""quantityValue"": 1, ""fulFillmentType"": ""SSHIP"", ""transportMode"": ""AIR"", ""isAFreeBie"": ""N"", ""typeCode"": ""InvReservationData""}"
"{""_id"": {""$oid"": ""5eba6c27e4b0162d2ecd2d8f""}, ""modifiedTime"": {""$date"": 1589275704154}, ""creationTime"": {""$date"": 1589275687930}, ""cartId"": ""04ac1839-cc98-4916-b26d-23b111d2ba24"", ""priority"": ""P001"", ""storeId"": null, ""version"": {""$numberLong"": ""4""}, ""lpId"": ""DL"", ""timeStamp"": {""$numberLong"": ""1589276724148""}, ""transactionType"": null, ""itemId"": ""1489KL04"", ""parentUssId"": null, ""sellerID"": ""123762"", ""codEliglible"": ""Y"", ""deliveryMode"": ""HD"", ""ussID"": ""1237621489KL04"", ""locationId"": ""123762-FPMW"", ""pinCode"": ""700072"", ""quantityValue"": 1, ""fulFillmentType"": ""TSHIP"", ""transportMode"": ""AIR"", ""isAFreeBie"": ""N"", ""typeCode"": ""InvReservationData""}"
"{""_id"": {""$oid"": ""5eba6d75e4b0162d2ecd2d96""}, ""modifiedTime"": {""$date"": 1589276021240}, ""creationTime"": {""$date"": 1589276021240}, ""cartId"": ""0958ec02-85f2-45bf-a857-8e2855b95606"", ""priority"": ""P001"", ""storeId"": null, ""version"": {""$numberLong"": ""1""}, ""lpId"": null, ""timeStamp"": {""$numberLong"": ""1589276921230""}, ""transactionType"": null, ""itemId"": ""2568SM03"", ""parentUssId"": null, ""sellerID"": ""123762"", ""codEliglible"": ""Y"", ""deliveryMode"": ""HD"", ""ussID"": ""1237622568SM03"", ""locationId"": ""123762-FPMW"", ""pinCode"": ""500016"", ""quantityValue"": 1, ""fulFillmentType"": ""SSHIP"", ""transportMode"": ""AIR"", ""isAFreeBie"": ""N"", ""typeCode"": ""InvReservationData""}"
"{""_id"": {""$oid"": ""5eba6d75e4b0162d2ecd2d97""}, ""modifiedTime"": {""$date"": 1589276021242}, ""creationTime"": {""$date"": 1589276021242}, ""cartId"": ""0958ec02-85f2-45bf-a857-8e2855b95606"", ""priority"": ""P001"", ""storeId"": null, ""version"": {""$numberLong"": ""1""}, ""lpId"": null, ""timeStamp"": {""$numberLong"": ""1589276921230""}, ""transactionType"": null, ""itemId"": ""2568SM03"", ""parentUssId"": null, ""sellerID"": ""123762"", ""codEliglible"": ""Y"", ""deliveryMode"": ""HD"", ""ussID"": ""1237622568SM03"", ""locationId"": ""123762-FPMW"", ""pinCode"": ""500016"", ""quantityValue"": 1, ""fulFillmentType"": ""SSHIP"", ""transportMode"": ""AIR"", ""isAFreeBie"": ""N"", ""typeCode"": ""InvReservationData""}"
"{""_id"": {""$oid"": ""5eba6d75e4b0162d2ecd2d98""}, ""modifiedTime"": {""$date"": 1589276021244}, ""creationTime"": {""$date"": 1589276021244}, ""cartId"": ""0958ec02-85f2-45bf-a857-8e2855b95606"", ""priority"": ""P001"", ""storeId"": null, ""version"": {""$numberLong"": ""1""}, ""lpId"": null, ""timeStamp"": {""$numberLong"": ""1589276921230""}, ""transactionType"": null, ""itemId"": ""2568SM03"", ""parentUssId"": null, ""sellerID"": ""123762"", ""codEliglible"": ""Y"", ""deliveryMode"": ""HD"", ""ussID"": ""1237622568SM03"", ""locationId"": ""123762-FPMW"", ""pinCode"": ""500016"", ""quantityValue"": 1, ""fulFillmentType"": ""SSHIP"", ""transportMode"": ""AIR"", ""isAFreeBie"": ""N"", ""typeCode"": ""InvReservationData""}"
"{""_id"": {""$oid"": ""5ebaa071e4b0162d2ecd2e42""}, ""modifiedTime"": {""$date"": 1589289084004}, ""creationTime"": {""$date"": 1589289073200}, ""cartId"": ""85be3646-ee3f-4a75-89e7-2bcc071e99f7"", ""priority"": ""P001"", ""storeId"": null, ""version"": {""$numberLong"": ""3""}, ""lpId"": ""DL"", ""timeStamp"": {""$numberLong"": ""1589290103991""}, ""transactionType"": null, ""itemId"": ""1489KL04"", ""parentUssId"": null, ""sellerID"": ""123762"", ""codEliglible"": ""Y"", ""deliveryMode"": ""HD"", ""ussID"": ""1237621489KL04"", ""locationId"": ""123762-FPMW"", ""pinCode"": ""700072"", ""quantityValue"": 1, ""fulFillmentType"": ""TSHIP"", ""transportMode"": ""AIR"", ""isAFreeBie"": ""N"", ""typeCode"": ""InvReservationData""}"
